"NAME_3","NAME_4","VDC_name"
"Achham","Mashtabamdali","Mashtanamdali"
"Achham","Chandika","Chandika(Bayalpata)"
"Achham","Walanta","Walant"
"Achham","Rodikot","Ridikot"
"Baglung","Malikathota","Malika"
"Baglung","Andheri (Narayanstha","Narayansthan"
"Baglung","KalikaN.P.","Baglung N.P."
"Baglung","DhulluGaidi","Dhullugaidi"
"Baitadi","DurgaBhabani","Durgabhabani"
"Baitadi","DasharathchandaN.P.","Dasharathchand N.P."
"Baitadi","SreeKedar","Sreekedar"
"Bajhang","Deulek","Deulekh"
"Banke","KhajuraKhurda","Khajurakhurda"
"Banke","KhajuraKhurda","Khajurakhurda"
"Banke","NepalgunjN.P.","Nepalganj N.P."
"Banke","Indrapur","Indarpur"
"Bara","KalaiyaN.P.","Kalaiya N.P."
"Bara","Mahendra Adarsha","Mahendraadarsha"
"Bara","Mahendra Adarsha","Mahendraadarsha"
"Bara","PakadiyaChikani","Pakadiyachikani"
"Bara","ShreenagarBairiya","Shreenagarbairiya"
"Bara","RampurTokani","Rampurtokani"
"Bara","PiparaSimara","Piparasimara"
"Bara","JitpurBhawanipur","Jitpurbhawanipur"
"Bara","Fatepur","Fattepur"
"Bara","BharatganjSigaul","Bharatganjsigaul"
"Bara","PiparpatiParchrouwa","Piparpatiparchrouwa"
"Bara","PipradhiGoth","Pipradhigoth"
"Bara","Bhaganpur","Bhagwanpur"
"Bara","BhaluyeeArwaliya","Bhaluyeearwaliya"
"Bara","Bhaganpur","Bhagwanpur"
"Bara","PipraBasantapur","Piprabasantapur"
"Bara","Piparpati Jabadi","Paparpatijabdi"
"Bara","Badaki Fulbariya","Badakifulbariya"
"Bara","n.a. (2)","Rampurwa"
"Bara","n.a. (1)","Raghunathpur"
"Bardiya","KhairiChandanpur","Khairichandanpur"
"Bardiya","GulariyaN.P.","Gulariya N.P."
"Bardiya","PasupatiNagar","Pasupatinagar"
"Bardiya","ManpurMainapokhar","Manpurmainapokhar"
"Bhaktapur","BhaktapurN.P.","Bhaktapur N.P."
"Bhaktapur","MadhyapurThimiN.P.","Madhyapur Thimi N.P."
"Bhaktapur","Bageswari","Bageswori"
"Bhojpur","TiwariBhangyan","Tiwaribhangyan"
"Bhojpur","ThuloDumma","Thulodumma"
"Bhojpur","SanoDumma","Sanodumma"
"Bhojpur","ManeBhanjyang","Manebhanjyang"
"Bhojpur","Baikunthe","Baikuntha"
"Bhojpur","Guptesor","Gupteshwor"
"Chitwan","RatnanagarN.P.","Ratnanagar N.P."
"Chitwan","MadiKalyanpur","Madikalyanpur"
"Chitwan","ChandiBhanjyang","Chandibhanjyang"
"Chitwan","BharatpurN.P.","Bharatpur N.P."
"Dadeldhura","AmargadhiN.P.","Amargadhi N.P."
"Dadeldhura","DewalDibyapur","Dewaldibyapur"
"Dailekh","MairiKalikathum","Mairikalikathum"
"Dailekh","PusakotChiudi","Pusakotchiudi"
"Dailekh","Awal Parajul","Awalparajul"
"Dailekh","Bada Khola","Badakhola"
"Dailekh","DadaParajul","Dadaparajul"
"Dailekh","RawatKot","Rawatkot"
"Dailekh","RakamKarnali","Rakamkarnali"
"Dailekh","NauleKatuwal","Naulekatuwal"
"Dailekh","NarayanN.P.","Narayan N.P."
"Dailekh","LyatiBindraseni","Lyatibindraseni"
"Dailekh","KalBhairab","Kalbhairab"
"Dang","TulsipurN.P.","Tulsipur N.P."
"Dang","TribhuwanNagarN.P.","Tribhuwannagar N.P."
"Darchula","Bhagawati","Bhagabati"
"Dhading","ReeGaun","Reegaun"
"Dhading","ChhatreDyaurali","Chhatredyaurali"
"Dhankuta","Dandagoun","Dandagaun"
"Dhankuta","DhankutaN.P.","Dhankuta N.P."
"Dhankuta","Danda Bazar","Dandabazar"
"Dhankuta","BudiMorang","Budimorang"
"Dhankuta","MarekKatahare","Marekkatahare"
"Dhankuta","ArkhauleJitpur","Arkhaulejitpur"
"Dhanusa","KajaraRamaul","Kajararamaul"
"Dhanusa","KajaraRamaul","Kajararamaul"
"Dhanusa","KhajuriChanha","Khajurichanha"
"Dhanusa","TulsiChauda","Tulsichauda"
"Dhanusa","RamaidaiyaBhawadi","Ramaidaiyabhawadi"
"Dhanusa","SakhuwaMahendranaga","Sakhuwamahendranagar"
"Dhanusa","TarapattiSirsiya","Tarapattisirsiya"
"Dhanusa","TulsiyaniJabdi","Tulsiyanijabdi"
"Dhanusa","NauwakhorPrashahi","Nauwakhorprashahi"
"Dhanusa","Mukhiyapattimusharg","Mukhiyapattimushargiya"
"Dhanusa","BahedaBala","Bahedabala"
"Dhanusa","BalahaKathal","Balahakathal"
"Dhanusa","BalahaSadhara","Balahasadhara"
"Dhanusa","BegaShivapur","Begashivapur"
"Dhanusa","ChoraKoilpur","Chorakoilpur"
"Dhanusa","DeuriParbaha","Deuriparbaha"
"Dhanusa","DevpuraRupetha","Devpurarupetha"
"Dhanusa","DubarikotHathalekha","Dubarikothathalekha"
"Dhanusa","GothKohelpur","Gothkohelpur"
"Dhanusa","HansapurKathpula","Hansapurkathpula"
"Dhanusa","JanakpurN.P.","Janakpur N.P."
"Dhanusa","JhojhiKataiya","Jhojhikataiya"
"Dhanusa","ThillaYaduwa","Thillayaduwa"
"Dhanusa","ThadiJhijha","Thadijhijha"
"Dhanusa","SugaMadhukarahi","Sugamadhukarahi"
"Dhanusa","SingyahiMaidan","Singyahimaidan"
"Dhanusa","TulsiyahiNikas","Tulsiyahinikas"
"Dolakha","Fasku","Phasku"
"Dolakha","Sunkhani","Sunakhani"
"Dolakha","LakuriDada","Lakuridada"
"Dolakha","GhangSukathokar","Ghangsukathokar"
"Dolakha","BhimesworN.P.","Bhimeshwar N.P."
"Dolakha","SusmaChhemawati","Susmachhemawati"
"Dolakha","GauriSankar","Gaurisankar"
"Dolpa","Lahai","Laha"
"Doti","KedarAkhada","Kedarakhada"
"Doti","DipayalSilgadhiN.P.","Dipayal Silgadhi N.P."
"Doti","LanaKedareswor","Lanakedareswor"
"Doti","LaxmiNagar","Laxminagar"
"Doti","ChawaraChautara","Chawarachautara"
"Doti","BanjaKakani","Banjakakani"
"Gorkha","AaruArbang","Aaruarbang"
"Gorkha","AaruChanuate","Aaruchanuate"
"Gorkha","Hansapur","Hanspur"
"Gorkha","PrithbinarayanN.P.","Prithvinarayan N.P."
"Gulmi","AmarArbathok","Amararbathok"
"Gulmi","DhurkotBastu","Dhurkotbastu"
"Gulmi","IsmaRajasthal","Ismarajasthal"
"Gulmi","DhurkotBhanbhane","Dhurkotbhanbhane"
"Gulmi","DhurkotNayagaun","Dhurkotnayagaun"
"Gulmi","DhurkotRajasthal","Dhurkotrajasthal"
"Gulmi","JaisithokMandan","Jaisithok"
"Gulmi","MyalPokhari","Myalpokhari"
"Gulmi","PauchhiAmarayee","Pauchhiamarayee"
"Gulmi","PurkotDaha","Purkotdaha"
"Gulmi","MusikotKhalanga","Musikot"
"Humla","ShreeNagar","Shreenagar"
"Ilam","NayaBazar","Nayabazar"
"Ilam","ShreeAntu","Shreeantu"
"Ilam","IlamN.P.","Ilam N.P."
"Ilam","PasupatiNagar","Pasupatinagar"
"Ilam","Panchkanya","Panchakanya"
"Ilam","PhikalBazar","Phikalbazar"
"Jajarkot","JungaThapachaur","Jungathapachaur"
"Jajarkot","ThalaRaikar","Thalaraikar"
"Jhapa","MechinagarN.P.","Mechinagar N.P."
"Jhapa","Baigundhura","Baigundhara"
"Jhapa","BhadrapurN.P.","Bhadrapur N.P."
"Jhapa","DamakN.P.","Damak N.P."
"Jumla","Shanigaun","Sanigaun"
"Jumla","Malikathota","Malika"
"Jumla","MahabePattharkhola","Mahabepattharkhola"
"Jumla","Kalika","Talium"
"Jumla","GhodeMahadev","Ghodemahadev"
"Kailali","Phulbari","Phulwari"
"Kailali","KotaTulsipur","Kotatulsipur"
"Kailali","RamsikharJhala","Ramsikharjhala"
"Kailali","Ratnapur","Ratanpur"
"Kailali","DhangadhiN.P.","Dhangadi N.P."
"Kailali","TikapurN.P.","Tikapur N.P."
"Kalikot","Rupsha","Rupsa"
"Kalikot","Phoi Mahadev","Phui Mahadev"
"Kalikot","Odanku","Odanaku"
"Kalikot","Dah","Daha"
"Kalikot","Chapre","Chhapre"
"Kanchanpur","Shankarpur","Sankarpur"
"Kanchanpur","RauteliBichawa","Rautelibichawa"
"Kanchanpur","RampurBilaspur","Rampurbilaspur"
"Kanchanpur","RaikawarBichawa","Raikawarbichawa"
"Kanchanpur","MahendranagarN.P.","Mahendranagar N.P."
"Kanchanpur","BaisiBichawa","Baisibichawa"
"Kapilbastu","KapilbastuN.P.","Kapilbastu N.P."
"Kapilbastu","KrishnaNagar","Krishnanagar"
"Kapilbastu","Pipra","Pipara"
"Kapilbastu","VidhyaNagar","Vidhyanagar"
"Kaski","DhikurePokhari","Dhikurepokhari"
"Kaski","LekhnathN.P.","Lekhnath N.P."
"Kaski","KritinachneChaur","Kritinachnechaur"
"Kaski","ArbaVijaya","Arbavijaya"
"Kaski","BhadaureTamagi","Bhadauretamagi"
"Kaski","PokharaN.P.","Pokhara N.P."
"Kathmandu","KathmanduN.P.","Kathmandu N.P."
"Kathmandu","NaikapNayaBhanjyang","Naikapnayabhanjyang"
"Kathmandu","NaikapPuranoBhanjya","Naikappuranobhanjyang"
"Kathmandu","IchangNarayan","Ichangnarayan"
"Kathmandu","ChapaliBhadrakali","Chapalibhadrakali"
"Kathmandu","KhadkaBhadrakali","Khadkabhadrakali"
"Kathmandu","Bajrayogini","Bajrayogini(Sankhu)"
"Kathmandu","ChouketarDahachok","Chouketardahachok"
"Kathmandu","Baad Bhanjyang","Baadbhanjyang"
"Kathmandu","KirtipurN.P.","Kirtipur N.P."
"Kathmandu","TokhaChandeswori","Tokhachandeswori"
"Kathmandu","TokhaSarswoti","Tokhasarswoti"
"Kavrepalanchok","BanakhuChor","Banakhuchor"
"Kavrepalanchok","Salmechakala(Taldhu","Salmechakala(Taldhunga)"
"Kavrepalanchok","ChalalGaneshsthan","Chalalganeshsthan"
"Kavrepalanchok","DapchaChatraibhanjh","Dapchachatraibhanjha"
"Kavrepalanchok","DaraunePokhari","Daraunepokhari"
"Kavrepalanchok","DeuvumiBaluwa","Deuvumibaluwa"
"Kavrepalanchok","DhulikhelN.P","Dhulikhel N.P."
"Kavrepalanchok","HokseBazar","Hoksebazar"
"Kavrepalanchok","KalatiBhumidanda","Kalatibhumidanda"
"Kavrepalanchok","KanpurKalapani","Kanpurkalapani"
"Kavrepalanchok","KartikeDeurali","Kartikedeurali"
"Kavrepalanchok","KatunjeBesi","Katunjebesi"
"Kavrepalanchok","UgrataraJanagal","Ugratarajanagal"
"Kavrepalanchok","ThuloParsel","Thuloparsel"
"Kavrepalanchok","BekhsimleDhartigaun","Bekhsimledhartigaun"
"Kavrepalanchok","SipaliChilaune","Sipalichilaune"
"Kavrepalanchok","DhuseniSiwalaya","Dhusenisiwalaya"
"Kavrepalanchok","TukuchaNala","Tukuchanala"
"Kavrepalanchok","NayagaunDeupur","Nayagaundeupur"
"Kavrepalanchok","SathigharBhagawati","Sathigharbhagawati"
"Kavrepalanchok","MahadevsthanMandan","Mahadevsthanmandan"
"Kavrepalanchok","JyamdiMandan","Jyamdimandan"
"Kavrepalanchok","BanepaN.P.","Banepa N.P."
"Kavrepalanchok","GairiBisounaDeupur","Gairibisounadeupur"
"Kavrepalanchok","KavreNityaChandeswor","Kavrenityachandeswor"
"Kavrepalanchok","KhaharePangu","Khaharepangu"
"Kavrepalanchok","KolatiBhumlu","Kolatibhumlu"
"Kavrepalanchok","KuruwasChapakhori","Kuruwaschapakhori"
"Kavrepalanchok","MadanKundari","Madankundari"
"Kavrepalanchok","MahankalChaur","Mahankalchaur"
"Kavrepalanchok","ChyasingKharka","Chyasingkharka"
"Kavrepalanchok","MahendraJyoti","Mahendrajyoti"
"Kavrepalanchok","BaluwapatiDeupur","Baluwapatideupur"
"Kavrepalanchok","MajhiFeda","Majhifeda"
"Kavrepalanchok","MathurapatiFulbari","Mathurapatifulbari"
"Kavrepalanchok","NagreGagarche","Nagregagarche"
"Kavrepalanchok","ChandeniMandan","Chandenimandan"
"Kavrepalanchok","NasikasthanSanga","Nasikasthansanga"
"Kavrepalanchok","JaisithokMandan","Jaisithokmandan"
"Kavrepalanchok","PanautiN.P.","Panauti N.P."
"Kavrepalanchok","PokhariChauri","Pokharichauri"
"Kavrepalanchok","PokhariNarayansthan","Pokharinarayansthan"
"Kavrepalanchok","PuranogaunDapcha","Puranogaundapcha"
"Kavrepalanchok","SimalchourSyampati","Simalchoursyampati"
"Kavrepalanchok","RaviOpi","Raviopi"
"Kavrepalanchok","RyaleBhir","Ryalebhir"
"Kavrepalanchok","SalleBhumlu","Sallebhumlu"
"Kavrepalanchok","SikharAmbote","Sikharambote"
"Kavrepalanchok","Salmechakala(Taldhu","Salmechakala(Taldhunga)"
"Kavrepalanchok","SankhupatiChour","Sankhupatichour"
"Kavrepalanchok","SaradaBatase","Saradabatase"
"Khotang","Badaka Diyale","Badakadiyale"
"Khotang","RakhaDipsung","Rakhadipsung"
"Khotang","RatanchaMajhagau","Ratanchamajhagau"
"Khotang","Dandagoun","Dandagaun"
"Khotang","DumreDharapani","Dumredharapani"
"Khotang","MattimBirta","Mattimbirta"
"Khotang","Mahadevsthan","Mahadevasthan"
"Khotang","Likuwapokhari","Linkuwapokhari"
"Khotang","RakhaBangdel","Rakhabangdel"
"Lalitpur","Asrang","Ashrang"
"Lalitpur","Sidhdipur","Siddhipur"
"Lalitpur","LalitpurN.P.","Lalitpur N.P."
"Lamjung","Isaneshwar","Isaneshwor"
"Lamjung","ShreeBhanjyang","Shreebhanjyang"
"Mahottari","BairgiyaLaxminiya","Bairgiyalaxminiya"
"Mahottari","SugaVawani","Sugavawani"
"Mahottari","HariharpurHarinamar","Hariharpurharinamari"
"Mahottari","ParsaDewadh","Parsadewadh"
"Mahottari","BairgiyaBanchauri","Bairgiyabanchauri"
"Mahottari","BanauliDonauli","Banaulidonauli"
"Mahottari","GaidahaBhelpur","Gaidahabhelpur"
"Mahottari","FulahattaParikauli","Fulahattaparikauli"
"Mahottari","JaleshworN.P.","Jaleshwar N.P."
"Mahottari","MajhoraBishnupur","Majhorabishnupur"
"Mahottari","KhayarMara","Khayarmara"
"Mahottari","ParsaPateli","Parsapateli"
"Mahottari","KisanNagar","Kisannagar"
"Mahottari","MeghanathGorahanna","Meghanathgorahanna"
"Mahottari","PokharibhindaSamgra","Pokharibhindasamgrampur"
"Mahottari","KolhuwaBagaicha","Kolhuwabagaicha"
"Mahottari","Sreepur","Shreepur"
"Makwanpur","SisneriMahadevsthan","Sisnerimahadevsthan"
"Makwanpur","ShreepurChhatiwan","Shreepurchhatiwan"
"Makwanpur","PadamPokhari","Padampokhari"
"Makwanpur","IpaPanchakanya","Ipapanchakanya"
"Makwanpur","HetaudaN.P.","Hetauda N.P."
"Makwanpur","BhartaPundyadevi","Bhartapundyadevi"
"Makwanpur","TistungDeurali","Tistungdeurali"
"Makwanpur","SarikhetPalase","Sarikhetpalase"
"Manang","TankiManang","Tankimanang"
"Manang","TachiBagarchhap","Tachibagarchhap"
"Morang","BiratnagarN.P.","Biratnagar N.P."
"Mugu","RaraKalai","Rarakalai"
"Mugu","ShreeNagar","Shreenagar"
"Mugu","Shreekot","Shrikot"
"Myagdi","RakhuBhagawati","Rakhubhagawati"
"Myagdi","HisthanMandali","Histhanmandali"
"Myagdi","GurjaKhani","Gurjakhani"
"Myagdi","Dhar","Dana"
"Myagdi","RakhuPiple","Rakhupiple"
"Myagdi","Patalekhet","Patlekhet"
"Nawalparasi","ThuloKhairatawa","Thulokhairatawa"
"Nawalparasi","RamgramN.P.","Ramgram N.P."
"Nawalparasi","GuthiSuryapura","Guthisuryapura"
"Nawalparasi","DawanneDevi","Dawannedevi"
"Nawalparasi","Badahara Dubauliya","Badaharadubauliya"
"Nawalparasi","Prasauni","Parsauni"
"Nawalparasi","Pratapapur","Pratappur"
"Nawalparasi","UpalloArkhale","Upalloarkhale"
"Nawalparasi","GuthiParsauni","Guthiparsauni"
"Nawalparasi","DadajheriTadi","Dadajheritadi"
"Nawalparasi","NayaBelhani","Nayabelhani"
"Nuwakot","BagesworiChokade","Bagesworichokade"
"Nuwakot","BidurN.P.","Bidur N.P."
"Nuwakot","KhadagBhanjyang","Khadagbhanjyang"
"Nuwakot","KholegaunKhanigau","Kholegaunkhanigaun"
"Nuwakot","Betini","Beteni"
"Okhaldhunga","Andheri (Narayanstha","Andheri(Narayansthan)"
"Okhaldhunga","Kaptigaun(Khigikati","Kaptigaun(Khigikati)"
"Okhaldhunga","KhijiChandeshwori.","Khijichandeshwori."
"Okhaldhunga","SisneriMahadevsthan","Sisneri"
"Palpa","Siddheswor","Siddheshwor"
"Palpa","TansenN.P.","Tansen N.P."
"Palpa","BodhaPokharathok","Bodhapokharathok"
"Parbat","ThanaMaulo","Thanamaulo"
"Parbat","BihadiBarachaur","Bihadibarachaur"
"Parbat","BihadiRanipani","Bihadiranipani"
"Parbat","BitalawaPipaltari","Bitalawapipaltari"
"Parbat","LunkhuDeurali","Lunkhudeurali"
"Parbat","Arthar Dadakharka","Arthardadakharka"
"Parbat","Banskharka","Baskharka"
"Parbat","ShankarPokhari","Shankarpokhari"
"Parbat","MajhphantMallaj","Majhphantmallaj"
"Parbat","KhaulaLakuri","Khaulalakuri"
"Parbat","FalebasDevisthan","Falebasdevisthan"
"Parbat","FulebasKhanigaun","Fulebaskhanigaun"
"Parsa","BageshwariTirtrona","Bageshwaritirtrona"
"Parsa","SugauliBirta","Sugaulibirta"
"Parsa","GhoddaudaPipra","Ghoddaudapipra"
"Parsa","JagaranathpurSira","Jagaranathpursira"
"Parsa","KauwaBanKataiya","Kauwabankataiya"
"Parsa","ParsauniBirta","Parsaunibirta"
"Parsa","LipaniBirta","Lipanibirta"
"Parsa","MadhubanMathaul","Madhubanmathaul"
"Parsa","BirgunjN.P.","Birganj N.P."
"Parsa","SakhuwaPrasauni","Sakhuwaprasauni"
"Parsa","BeriyaBirta","Beriyabirta"
"Parsa","SirsiyaKhalwatola","Sirsiyakhalwatola"
"Parsa","BahauriPidari","Bahauripidari"
"Parsa","SugauliPartewa","Sugaulipartewa"
"Parsa","TulasiBarba","Tulasibarba"
"Parsa","UdayapurDhurmi","Udayapurdhurmi"
"Parsa","BeriyaBirta(Wa.Pu.)","Beriyabirta(Wa.Pu.)"
"Parsa","BelwaParsouni","Belwaparsouni"
"Parsa","ShivaWorga","Shivaworga"
"Parsa","BeriyaBirta(Wa.Pu.)","Beriyabirta(Wa.Pu.)"
"Parsa","Sreesiya(Nau.Ta.Ja.","Sreesiya(Nau.Ta.Ja.)"
"Parsa","HariharpurBirta","Hariharpurbirta"
"Parsa","ParsauniMatha","Parsaunimatha"
"Parsa","GhoddaudaPipra","Ghoddaudapipra"
"Parsa","Basantapur","Basantpur"
"Parsa","JhouwaGuthi","Jhouwaguthi"
"Pyuthan","RuspurKot","Ruspurkot"
"Pyuthan","PythanKhalanga","Pythankhalanga"
"Pyuthan","Dhobaghat(UdayapurKo","Dhobaghat(Udayapurkot)"
"Ramechhap","NagaDaha","Nagadaha"
"Ramechhap","BamtiBhandar","Bamtibhandar"
"Ramechhap","GunsiBhadaure","Gunsibhadaure"
"Rautahat","RajpurTulsi","Rajpurtulsi"
"Rautahat","Pratappur Paltuwa","Pratappurpaltuwa"
"Rautahat","GarudaBairiya","Garudabairiya"
"Rautahat","BahuwaMadanpur","Bahuwamadanpur"
"Rautahat","PipraRajbara","Piprarajbara"
"Rautahat","NarkatiyaGuthi","Narkatiyaguthi"
"Rautahat","GaurN.P.","Gaur N.P."
"Rautahat","PipraBhagwanpur","Piprabhagwanpur"
"Rautahat","ShitalpurBairgania","Shitalpurbairgania"
"Rautahat","PrempurGunahi","Prempurgunahi"
"Rautahat","Ramoli Bairiya","Ramolibairiya"
"Rautahat","KarkachKarmaiya","Karkachkarmaiya"
"Rautahat","FatuwaHarsaha","Fatuwaharsaha"
"Rautahat","SimaraBhawanipur","Simarabhawanipur"
"Rautahat","IharbariJyutahi","Iharbarijyutahi"
"Rautahat","Laximiniya","Laxminiya"
"Rautahat","GamhariyaParsa","Gamhariyaparsa"
"Rautahat","Ramoli Bairiya","Ramolibairiya"
"Rautahat","GamhariyaBirta","Gamhariyabirta"
"Rautahat","FatuwaHarsaha","Fatuwaharsaha"
"Rautahat","FatuhaMaheshpur","Fatuhamaheshpur"
"Rautahat","BasbitiJingadiya","Basbitijingadiya"
"Rautahat","PatharaBudharampur","Patharabudharampur"
"Rautahat","SakhuwaDhamaura","Sakhuwadhamaura"
"Rautahat","Dharmapur","Dharampur"
"Rautahat","PiparaPokhariya","Piparapokhariya"
"Rautahat","JingadawaBelbichwa","Jingadawabelbichwa"
"Rolpa","JauliPokhari","Jaulipokhari"
"Rukum","AathbisDanda","Aathbisdanda"
"Rukum","AathbisKot","Aathbiskot"
"Rukum","MusikotKhalanga","Musikotkhalanga"
"Rupandehi","ManMateriya","Manmateriya"
"Rupandehi","SameraMarchwar","Sameramarchwar"
"Rupandehi","PakadiSakron","Pakadisakron"
"Rupandehi","SiddharthNagarN.P.","Siddharthanagar N.P."
"Rupandehi","SourahaPharsatikar","Sourahapharsatikar"
"Rupandehi","ChhotakiRamnagar","Chhotakiramnagar"
"Rupandehi","KhadawaBangai","Khadawabangai"
"Rupandehi","HatiPharsatikar","Hatipharsatikar"
"Rupandehi","HatiBangai","Hatibangai"
"Rupandehi","Bhaganpur","Bhagawanpur"
"Rupandehi","ThumhawaPiprahawa","Thumhawapiprahawa"
"Rupandehi","ButawalN.P.","Butawal N.P."
"Salyan","SaijuwalTakura","Saijuwaltakura"
"Salyan","Siddheswari","Siddheshwari"
"Salyan","SarpaniGarpa","Sarpanigarpa"
"Salyan","Bafukhola","Waphukhola"
"Salyan","Dandagoun","Dandagaun"
"Salyan","Laxmipur","Laksmipur"
"Salyan","KalimatiKalche","Kalimatikalche"
"Salyan","KalimatiRampur","Kalimatirampur"
"Sankhuwasabha","MadiRambeni","Madirambeni"
"Sankhuwasabha","KhandbariN.P.","Khandbari N.P."
"Sankhuwasabha","MadiMulkharka","Madimulkharka"
"Saptari","ItahariBishnupur","Itaharibishnupur"
"Saptari","InarwaFulpariya","Inarwafulpariya"
"Saptari","RajbirajN.P.","Rajbiraj N.P."
"Saptari","BirpurBarahi","Birpurbarahi"
"Saptari","BirpurBarahi","Birpurbarahi"
"Saptari","InarwaFulpariya","Inarwafulpariya"
"Saptari","GobarGada","Gobargada"
"Saptari","GamhariyaParwaha","Gamhariyaparwaha"
"Saptari","SimrahaSigiyoun","Simrahasigiyoun"
"Saptari","Sarswar","Saraswor"
"Saptari","SiswaBeihi","Siswabeihi"
"Saptari","Kabilas","Kabilash"
"Sarlahi","Shankarpur","Sankarpur"
"Sarlahi","TribhuwanNagar","Tribhuwannagar"
"Sarlahi","SundarpurChuldawa","Sundarpurchuldawa"
"Sarlahi","BelwaJabdi","Belwajabdi"
"Sarlahi","RamnagarBahaur","Ramnagarbahaur"
"Sarlahi","MalangawaN.P.","Malangawa  N.P."
"Sarlahi","LaxmipurSu.","Laxmipursu."
"Sarlahi","LaxmipurKodraha","Laxmipurkodraha"
"Sarlahi","NarayanKhola","Narayankhola"
"Sarlahi","DhanakaulPurba","Dhanakaulpurba"
"Sarlahi","DhanakaulPachhiyati","Dhanakaulpachhiyati"
"Sarlahi","ChandraNagar","Chandranagar"
"Sarlahi","BaraUdhoran","Baraudhoran"
"Sarlahi","JanakiNagar","Janakinagar"
"Sindhuli","SunamPokhari","Sunampokhari"
"Sindhuli","TribhuvanAmbote","Tribhuvanambote"
"Sindhuli","KusesworDumja","Kuseswordumja"
"Sindhuli","BhuwaneshoriGwaltar","Bhuwaneshorigwaltar"
"Sindhuli","BitijorBagaiya","Bitijorbagaiya"
"Sindhuli","HariharpurGadhi","Hariharpurgadhi"
"Sindhuli","JhangajholiRalmata","Jhangajholiralmata"
"Sindhuli","KakurThakur","Kakurthakur"
"Sindhuli","PuranoJhangajholi","Puranojhangajholi"
"Sindhuli","KamalamiN.P.","Kamalamai N.P."
"Sindhupalchowk","ThuloDhading","Thulodhading"
"Sindhupalchowk","Pipaldada","Pipaldanda"
"Sindhupalchowk","ThumPakhar","Thumpakhar"
"Sindhupalchowk","ThampalChhap","Thampalchhap"
"Sindhupalchowk","SyauleBazar","Syaulebazar"
"Sindhupalchowk","SipalKavre","Sipalkavre"
"Sindhupalchowk","Lagarche","Langarche"
"Sindhupalchowk","BhoteNamlang","Bhotenamlang"
"Sindhupalchowk","Bahrabise","Barhabise"
"Sindhupalchowk","Dhuyang","Dhumthang"
"Sindhupalchowk","ThuloSirubari","Thulosirubari"
"Sindhupalchowk","ThuloPakhar","Thulopakhar"
"Sindhupalchowk","SipaPokhare","Sipapokhare"
"Siraha","Hanumannagar(Pra.Dh","Hanumannagar(Pra.Dha.)"
"Siraha","Ashokpur Balkawa","Ashokpurbalkawa"
"Siraha","BishnupurPra.Ma.","Bishnupurpra.Ma."
"Siraha","GovindapurMalahanam","Govindapurmalahanama"
"Siraha","MaheshpurGamharia","Maheshpurgamharia"
"Siraha","LagadiGadiyani","Lagadigadiyani"
"Siraha","LahanN.P.","Lahan N.P."
"Siraha","KalyanpurJabadi","Kalyanpurjabadi"
"Siraha","SitapurPra.Da.","Sitapurpra.Da."
"Siraha","Rampur Birta","Rampurbirta"
"Siraha","RamnagarMirchaiya","Ramnagarmirchaiya"
"Siraha","MalhaniyaKhori","Malhaniyakhori"
"Siraha","GovindpurTaregana","Govindpurtaregana"
"Siraha","ChandraAyodhyapur","Chandraayodhyapur"
"Siraha","Dhanagadi","Dhangadi"
"Siraha","MahadewaPortaha","Mahadewaportaha"
"Siraha","NaharaRigoul","Nahararigoul"
"Siraha","PadariyaTharutol","Padariyatharutol"
"Siraha","ItariParsahi","Itariparsahi"
"Siraha","MaheshpurPatari","Maheshpurpatari"
"Siraha","FulkahaKati","Fulkahakati"
"Siraha","LaxmipurPatari","Laxmipurpatari"
"Siraha","Malhaniya Gamharia","Malhaniyagamharia"
"Siraha","BhawanpurKalabanzar","Bhawanpurkalabanzar"
"Siraha","BishnupurPra.Ra","Bishnupurpra.Ra"
"Siraha","Mohanpur Kamalpur","Mohanpurkamalpur"
"Siraha","NarahaBalkawa","Narahabalkawa"
"Siraha","PipraPra.Dha","Piprapra.Dha"
"Siraha","PipraPra.Pi","Piprapra.Pi"
"Siraha","SilorbaPachhawari","Silorbapachhawari"
"Siraha","SirahaN.P.","Siraha N.P."
"Siraha","SitapurPra.Ra.","Sitapurpra.Ra."
"Siraha","SonmatiMajhaura","Sonmatimajhaura"
"Siraha","ThalahaKataha","Thalahakataha"
"Solukhumbu","NechaBedghari","Nechabedghari"
"Solukhumbu","LodingTamakhani","Lodingtamakhani"
"Sunsari","RamnagarBhutaha","Ramnagarbhutaha"
"Sunsari","RamganjSenuwari","Ramganjsenuwari"
"Sunsari","RamganjBelgachhi","Ramganjbelgachhi"
"Sunsari","PaschimKasuha","Paschimkasuha"
"Sunsari","BhadgauSinawari","Bhadgausinawari"
"Sunsari","DharanN.P.","Dharan N.P."
"Sunsari","ItahariN.P.","Ithari N.P."
"Sunsari","Panchkanya","Panchakanya"
"Sunsari","InaruwaN.P.","Inaruwa N.P."
"Surkhet","BirendranagarN.P.","Birendranagar N.P."
"Surkhet","GhatGaun","Ghatgaun"
"Surkhet","GadiBayalkada","Gadibayalkada"
"Syangja","PutalibazarN.P.","Putalibazar N.P."
"Syangja","MajhakotSivalaya","Majhakotsivalaya"
"Syangja","ChandiBhanjyang","Chandibhanjyang"
"Syangja","DhapukSimalBhanjyan","Dhapuksimalbhanjyang"
"Syangja","DarsingDahathum","Darsingdahathum"
"Syangja","BirghaArchale","Birghaarchale"
"Syangja","WangsingDeurali","Wangsingdeurali"
"Syangja","BenethokDeurali","Benethokdeurali"
"Syangja","Arjun Chaupari","Arjunchaupari"
"Syangja","SatauDarau","Sataudarau"
"Syangja","WalingN.P.","Waling N.P."
"Syangja","KewareBhanjyang","Kewarebhanjyang"
"Syangja","BiruwaArchale","Biruwaarchale"
"Syangja","ShreekrishnaGandaki","Shreekrishnagandaki"
"Tanahu","JamuneBhanjyang","Jamunebhanjyang"
"Tanahu","ChokChisapani","Chokchisapani"
"Tanahu","ByasN.P.","Byas N.P."
"Tanahu","ShambuBhagawatipur","Shambubhagawatipur"
"Tanahu","KahuShivapur","Kahushivapur"
"Terhathum","SankrantiBazar","Sankrantibazar"
"Terhathum","ShreeJung","Shreejung"
"Terhathum","PanchakanyaPokhari","Panchakanyapokhari"
"Udayapur","TriyugaN.P.","Trijuga N.P."
"Udayapur","ShorungChabise","Shorungchabise"
